Timestamp,Task,Source,Destination
2025-06-12 23:10,move,t1,t
2025-06-12 22:59,move,t,t1
2025-06-12 23:10,move,t1,t
2025-06-12 22:59,move,t,t1
2025-06-12 23:10,move,t1,t
2025-06-12 22:59,move,t,t1
2025-06-12 23:10,move,t1,t
2025-06-12 22:59,move,t,t1
2025-06-12 23:10,move,t1,t
2025-06-12 22:59,move,t,t1
2025-06-12 23:10,move,t1,t
2025-06-12 22:59,move,t,t1
2025-06-12 23:10,move,t1,t
2025-06-12 22:59,move,t,t1
2025-06-12 23:10,move,t1,t
2025-06-12 22:59,move,t,t1
2025-06-12 23:10,move,t1,t
2025-06-12 22:59,move,t,t1
2025-06-12 23:10,move,t1,t
2025-06-12 22:59,move,t,t1
2025-06-12 23:10,move,t1,t
2025-06-12 22:59,move,t,t1
2025-06-12 23:10,move,t1,t
2025-06-12 22:59,move,t,t1
2025-06-12 23:10,move,t1,t
2025-06-12 22:59,move,t,t1
2025-06-12 23:10,move,t1,t
2025-06-12 22:59,move,t,t1
2025-06-12 23:10,move,t1,t
2025-06-12 22:59,move,t,t1
2025-06-12 23:10,move,t1,t
2025-06-12 22:59,move,t,t1
2025-06-12 23:10,move,t1,t
2025-06-12 22:59,move,t,t1
2025-06-12 23:10,move,t1,t
2025-06-12 22:59,move,t,t1
2025-06-12 23:10,move,t1,t
2025-06-12 22:59,move,t,t1
2025-06-12 23:10,move,t1,t
2025-06-12 22:59,move,t,t1
2025-06-12 23:10,move,t1,t
2025-06-12 22:59,move,t,t1
2025-06-12 23:10,move,t1,t
2025-06-12 22:59,move,t,t1
2025-06-12 23:10,move,t1,t
2025-06-12 22:59,move,t,t1
2025-06-12 23:10,move,t1,t
2025-06-12 22:59,move,t,t1
2025-06-12 23:10,move,t1,t
2025-06-12 22:59,move,t,t1
2025-06-12 23:10,move,t1,t
2025-06-12 22:59,move,t,t1
2025-06-12 23:30,copy,test1,test2
